[
  {
    "code": "E01",
    "message_template": "LXY field under segment LX passes all the validation criteria."
  },
  {
    "code": "E02",
    "message_template": "LXY field under section LX fails the data type (expected: {data_type}) validation, however it passes the max length ({max_length}) validation"
  },
  {
    "code": "E03",
    "message_template": "LXY field under section LX fails the max length (expected: {data_type}) validation, however it passes the data type ({data_type}) validation"
  },
  {
    "code": "E04",
    "message_template": "LXY field under section LX fails all the validation criteria."
  },
  {
    "code": "E05",
    "message_template": "LXY field under section LX is missing."
  }
]